Feature,Jensen-Shannon Divergence
sex,0.0019308569687894893
race,0.007417647022674107
marst,0.012329561054833744
famsize,0.11904619234683003
bpl,0.011004616109319833
citizen,0.003445535875825204
hispan,0.006171884319815259
health,0.08133165961183145
sect,0.043044145810951
